rank_test_score,mean_test_score,std_test_score,mean_train_score,std_train_score,mean_fit_time,std_fit_time,mean_score_time,std_score_time,param_model__alpha,param_model__eta0,param_model__l1_ratio,param_model__penalty,params,split0_test_score,split0_train_score
1,-0.3324820092864957,0.0,-0.9999516217430481,0.0,3.5367653369903564,0.0,0.012944221496582031,0.0,0.065,0.0135,0.15,l2,"{'model__alpha': 0.065, 'model__eta0': 0.0135, 'model__l1_ratio': 0.15, 'model__penalty': 'l2'}",-0.3324820092864957,-0.9999516217430481
1,-0.3324820092864957,0.0,-0.9999516217430481,0.0,5.074561834335327,0.0,0.012904882431030273,0.0,0.065,0.0135,0.2,l2,"{'model__alpha': 0.065, 'model__eta0': 0.0135, 'model__l1_ratio': 0.2, 'model__penalty': 'l2'}",-0.3324820092864957,-0.9999516217430481
1,-0.3324820092864957,0.0,-0.9999516217430481,0.0,3.5245845317840576,0.0,0.013186454772949219,0.0,0.065,0.0135,0.25,l2,"{'model__alpha': 0.065, 'model__eta0': 0.0135, 'model__l1_ratio': 0.25, 'model__penalty': 'l2'}",-0.3324820092864957,-0.9999516217430481
4,-0.33248203254876685,0.0,-0.9999846456487347,0.0,5.1663734912872314,0.0,0.012787103652954102,0.0,0.07,0.0135,0.15,l2,"{'model__alpha': 0.07, 'model__eta0': 0.0135, 'model__l1_ratio': 0.15, 'model__penalty': 'l2'}",-0.33248203254876685,-0.9999846456487347
4,-0.33248203254876685,0.0,-0.9999846456487347,0.0,3.5006706714630127,0.0,0.012887001037597656,0.0,0.07,0.0135,0.2,l2,"{'model__alpha': 0.07, 'model__eta0': 0.0135, 'model__l1_ratio': 0.2, 'model__penalty': 'l2'}",-0.33248203254876685,-0.9999846456487347
4,-0.33248203254876685,0.0,-0.9999846456487347,0.0,4.386173248291016,0.0,0.026154518127441406,0.0,0.07,0.0135,0.25,l2,"{'model__alpha': 0.07, 'model__eta0': 0.0135, 'model__l1_ratio': 0.25, 'model__penalty': 'l2'}",-0.33248203254876685,-0.9999846456487347
7,-0.33248220566837944,0.0,-1.0001211342360654,0.0,4.2756993770599365,0.0,0.012148857116699219,0.0,0.065,0.014,0.15,l2,"{'model__alpha': 0.065, 'model__eta0': 0.014, 'model__l1_ratio': 0.15, 'model__penalty': 'l2'}",-0.33248220566837944,-1.0001211342360654
7,-0.33248220566837944,0.0,-1.0001211342360654,0.0,3.466620922088623,0.0,0.012514829635620117,0.0,0.065,0.014,0.2,l2,"{'model__alpha': 0.065, 'model__eta0': 0.014, 'model__l1_ratio': 0.2, 'model__penalty': 'l2'}",-0.33248220566837944,-1.0001211342360654
7,-0.33248220566837944,0.0,-1.0001211342360654,0.0,3.4469380378723145,0.0,0.012253284454345703,0.0,0.065,0.014,0.25,l2,"{'model__alpha': 0.065, 'model__eta0': 0.014, 'model__l1_ratio': 0.25, 'model__penalty': 'l2'}",-0.33248220566837944,-1.0001211342360654
10,-0.33248227599491814,0.0,-1.0000154773461434,0.0,3.5333433151245117,0.0,0.012798070907592773,0.0,0.075,0.0135,0.15,l2,"{'model__alpha': 0.075, 'model__eta0': 0.0135, 'model__l1_ratio': 0.15, 'model__penalty': 'l2'}",-0.33248227599491814,-1.0000154773461434
10,-0.33248227599491814,0.0,-1.0000154773461434,0.0,4.817761421203613,0.0,0.02148270606994629,0.0,0.075,0.0135,0.2,l2,"{'model__alpha': 0.075, 'model__eta0': 0.0135, 'model__l1_ratio': 0.2, 'model__penalty': 'l2'}",-0.33248227599491814,-1.0000154773461434
10,-0.33248227599491814,0.0,-1.0000154773461434,0.0,3.5211267471313477,0.0,0.013914823532104492,0.0,0.075,0.0135,0.25,l2,"{'model__alpha': 0.075, 'model__eta0': 0.0135, 'model__l1_ratio': 0.25, 'model__penalty': 'l2'}",-0.33248227599491814,-1.0000154773461434
13,-0.33248271420697006,0.0,-1.0001544343863713,0.0,3.5204179286956787,0.0,0.01756429672241211,0.0,0.07,0.014,0.15,l2,"{'model__alpha': 0.07, 'model__eta0': 0.014, 'model__l1_ratio': 0.15, 'model__penalty': 'l2'}",-0.33248271420697006,-1.0001544343863713
13,-0.33248271420697006,0.0,-1.0001544343863713,0.0,3.522541046142578,0.0,0.013812065124511719,0.0,0.07,0.014,0.2,l2,"{'model__alpha': 0.07, 'model__eta0': 0.014, 'model__l1_ratio': 0.2, 'model__penalty': 'l2'}",-0.33248271420697006,-1.0001544343863713
13,-0.33248271420697006,0.0,-1.0001544343863713,0.0,3.4391183853149414,0.0,0.016994714736938477,0.0,0.07,0.014,0.25,l2,"{'model__alpha': 0.07, 'model__eta0': 0.014, 'model__l1_ratio': 0.25, 'model__penalty': 'l2'}",-0.33248271420697006,-1.0001544343863713
16,-0.3324827152998576,0.0,-1.000044163793523,0.0,4.85441255569458,0.0,0.012282133102416992,0.0,0.08,0.0135,0.15,l2,"{'model__alpha': 0.08, 'model__eta0': 0.0135, 'model__l1_ratio': 0.15, 'model__penalty': 'l2'}",-0.3324827152998576,-1.000044163793523
16,-0.3324827152998576,0.0,-1.000044163793523,0.0,3.4097564220428467,0.0,0.012407779693603516,0.0,0.08,0.0135,0.2,l2,"{'model__alpha': 0.08, 'model__eta0': 0.0135, 'model__l1_ratio': 0.2, 'model__penalty': 'l2'}",-0.3324827152998576,-1.000044163793523
16,-0.3324827152998576,0.0,-1.000044163793523,0.0,4.531638145446777,0.0,0.02272343635559082,0.0,0.08,0.0135,0.25,l2,"{'model__alpha': 0.08, 'model__eta0': 0.0135, 'model__l1_ratio': 0.25, 'model__penalty': 'l2'}",-0.3324827152998576,-1.000044163793523
19,-0.3324834078851192,0.0,-1.0001853250403618,0.0,3.6722500324249268,0.0,0.0145111083984375,0.0,0.075,0.014,0.15,l2,"{'model__alpha': 0.075, 'model__eta0': 0.014, 'model__l1_ratio': 0.15, 'model__penalty': 'l2'}",-0.3324834078851192,-1.0001853250403618
19,-0.3324834078851192,0.0,-1.0001853250403618,0.0,3.4321155548095703,0.0,0.012195110321044922,0.0,0.075,0.014,0.2,l2,"{'model__alpha': 0.075, 'model__eta0': 0.014, 'model__l1_ratio': 0.2, 'model__penalty': 'l2'}",-0.3324834078851192,-1.0001853250403618
19,-0.3324834078851192,0.0,-1.0001853250403618,0.0,3.524932384490967,0.0,0.012515544891357422,0.0,0.075,0.014,0.25,l2,"{'model__alpha': 0.075, 'model__eta0': 0.014, 'model__l1_ratio': 0.25, 'model__penalty': 'l2'}",-0.3324834078851192,-1.0001853250403618
22,-0.332484263752228,0.0,-1.000213866595869,0.0,3.4844298362731934,0.0,0.012690544128417969,0.0,0.08,0.014,0.15,l2,"{'model__alpha': 0.08, 'model__eta0': 0.014, 'model__l1_ratio': 0.15, 'model__penalty': 'l2'}",-0.332484263752228,-1.000213866595869
22,-0.332484263752228,0.0,-1.000213866595869,0.0,3.4892570972442627,0.0,0.012966632843017578,0.0,0.08,0.014,0.2,l2,"{'model__alpha': 0.08, 'model__eta0': 0.014, 'model__l1_ratio': 0.2, 'model__penalty': 'l2'}",-0.332484263752228,-1.000213866595869
22,-0.332484263752228,0.0,-1.000213866595869,0.0,3.78576922416687,0.0,0.01227879524230957,0.0,0.08,0.014,0.25,l2,"{'model__alpha': 0.08, 'model__eta0': 0.014, 'model__l1_ratio': 0.25, 'model__penalty': 'l2'}",-0.332484263752228,-1.000213866595869
25,-0.332488577225841,0.0,-1.0004818636993487,0.0,3.43053936958313,0.0,0.016246795654296875,0.0,0.065,0.015,0.15,l2,"{'model__alpha': 0.065, 'model__eta0': 0.015, 'model__l1_ratio': 0.15, 'model__penalty': 'l2'}",-0.332488577225841,-1.0004818636993487
25,-0.332488577225841,0.0,-1.0004818636993487,0.0,3.511746406555176,0.0,0.012987613677978516,0.0,0.065,0.015,0.2,l2,"{'model__alpha': 0.065, 'model__eta0': 0.015, 'model__l1_ratio': 0.2, 'model__penalty': 'l2'}",-0.332488577225841,-1.0004818636993487
25,-0.332488577225841,0.0,-1.0004818636993487,0.0,4.598002195358276,0.0,0.012249946594238281,0.0,0.065,0.015,0.25,l2,"{'model__alpha': 0.065, 'model__eta0': 0.015, 'model__l1_ratio': 0.25, 'model__penalty': 'l2'}",-0.332488577225841,-1.0004818636993487
28,-0.33248952807508575,0.0,-0.9995800171539932,0.0,3.4547173976898193,0.0,0.012269973754882812,0.0,0.08,0.012,0.15,l2,"{'model__alpha': 0.08, 'model__eta0': 0.012, 'model__l1_ratio': 0.15, 'model__penalty': 'l2'}",-0.33248952807508575,-0.9995800171539932
28,-0.33248952807508575,0.0,-0.9995800171539932,0.0,4.3071112632751465,0.0,0.013540267944335938,0.0,0.08,0.012,0.2,l2,"{'model__alpha': 0.08, 'model__eta0': 0.012, 'model__l1_ratio': 0.2, 'model__penalty': 'l2'}",-0.33248952807508575,-0.9995800171539932
28,-0.33248952807508575,0.0,-0.9995800171539932,0.0,3.4990909099578857,0.0,0.012237071990966797,0.0,0.08,0.012,0.25,l2,"{'model__alpha': 0.08, 'model__eta0': 0.012, 'model__l1_ratio': 0.25, 'model__penalty': 'l2'}",-0.33248952807508575,-0.9995800171539932
31,-0.3324899692788104,0.0,-1.0005145893381215,0.0,3.48382568359375,0.0,0.01617574691772461,0.0,0.07,0.015,0.15,l2,"{'model__alpha': 0.07, 'model__eta0': 0.015, 'model__l1_ratio': 0.15, 'model__penalty': 'l2'}",-0.3324899692788104,-1.0005145893381215
31,-0.3324899692788104,0.0,-1.0005145893381215,0.0,3.8962645530700684,0.0,0.013108253479003906,0.0,0.07,0.015,0.2,l2,"{'model__alpha': 0.07, 'model__eta0': 0.015, 'model__l1_ratio': 0.2, 'model__penalty': 'l2'}",-0.3324899692788104,-1.0005145893381215
31,-0.3324899692788104,0.0,-1.0005145893381215,0.0,3.49711275100708,0.0,0.01527547836303711,0.0,0.07,0.015,0.25,l2,"{'model__alpha': 0.07, 'model__eta0': 0.015, 'model__l1_ratio': 0.25, 'model__penalty': 'l2'}",-0.3324899692788104,-1.0005145893381215
34,-0.33249041988120115,0.0,-0.9995529229774021,0.0,4.041975259780884,0.0,0.012423515319824219,0.0,0.075,0.012,0.15,l2,"{'model__alpha': 0.075, 'model__eta0': 0.012, 'model__l1_ratio': 0.15, 'model__penalty': 'l2'}",-0.33249041988120115,-0.9995529229774021
34,-0.33249041988120115,0.0,-0.9995529229774021,0.0,3.4803247451782227,0.0,0.013026237487792969,0.0,0.075,0.012,0.2,l2,"{'model__alpha': 0.075, 'model__eta0': 0.012, 'model__l1_ratio': 0.2, 'model__penalty': 'l2'}",-0.33249041988120115,-0.9995529229774021
34,-0.33249041988120115,0.0,-0.9995529229774021,0.0,5.093657970428467,0.0,0.012506723403930664,0.0,0.075,0.012,0.25,l2,"{'model__alpha': 0.075, 'model__eta0': 0.012, 'model__l1_ratio': 0.25, 'model__penalty': 'l2'}",-0.33249041988120115,-0.9995529229774021
37,-0.3324914686725792,0.0,-1.0005444759800255,0.0,4.16551661491394,0.0,0.012302875518798828,0.0,0.075,0.015,0.15,l2,"{'model__alpha': 0.075, 'model__eta0': 0.015, 'model__l1_ratio': 0.15, 'model__penalty': 'l2'}",-0.3324914686725792,-1.0005444759800255
37,-0.3324914686725792,0.0,-1.0005444759800255,0.0,3.5486741065979004,0.0,0.012385129928588867,0.0,0.075,0.015,0.2,l2,"{'model__alpha': 0.075, 'model__eta0': 0.015, 'model__l1_ratio': 0.2, 'model__penalty': 'l2'}",-0.3324914686725792,-1.0005444759800255
37,-0.3324914686725792,0.0,-1.0005444759800255,0.0,5.0596604347229,0.0,0.012619733810424805,0.0,0.075,0.015,0.25,l2,"{'model__alpha': 0.075, 'model__eta0': 0.015, 'model__l1_ratio': 0.25, 'model__penalty': 'l2'}",-0.3324914686725792,-1.0005444759800255
40,-0.33249158809824997,0.0,-0.9995242812071,0.0,4.212595462799072,0.0,0.01516580581665039,0.0,0.07,0.012,0.15,l2,"{'model__alpha': 0.07, 'model__eta0': 0.012, 'model__l1_ratio': 0.15, 'model__penalty': 'l2'}",-0.33249158809824997,-0.9995242812071
40,-0.33249158809824997,0.0,-0.9995242812071,0.0,3.9845268726348877,0.0,0.015459299087524414,0.0,0.07,0.012,0.2,l2,"{'model__alpha': 0.07, 'model__eta0': 0.012, 'model__l1_ratio': 0.2, 'model__penalty': 'l2'}",-0.33249158809824997,-0.9995242812071
40,-0.33249158809824997,0.0,-0.9995242812071,0.0,3.5037925243377686,0.0,0.01746201515197754,0.0,0.07,0.012,0.25,l2,"{'model__alpha': 0.07, 'model__eta0': 0.012, 'model__l1_ratio': 0.25, 'model__penalty': 'l2'}",-0.33249158809824997,-0.9995242812071
43,-0.3324930563182784,0.0,-1.0005716146726928,0.0,3.479435443878174,0.0,0.012539148330688477,0.0,0.08,0.015,0.15,l2,"{'model__alpha': 0.08, 'model__eta0': 0.015, 'model__l1_ratio': 0.15, 'model__penalty': 'l2'}",-0.3324930563182784,-1.0005716146726928
43,-0.3324930563182784,0.0,-1.0005716146726928,0.0,5.099264621734619,0.0,0.012716531753540039,0.0,0.08,0.015,0.2,l2,"{'model__alpha': 0.08, 'model__eta0': 0.015, 'model__l1_ratio': 0.2, 'model__penalty': 'l2'}",-0.3324930563182784,-1.0005716146726928
43,-0.3324930563182784,0.0,-1.0005716146726928,0.0,3.408266067504883,0.0,0.012484550476074219,0.0,0.08,0.015,0.25,l2,"{'model__alpha': 0.08, 'model__eta0': 0.015, 'model__l1_ratio': 0.25, 'model__penalty': 'l2'}",-0.3324930563182784,-1.0005716146726928
46,-0.332493058944265,0.0,-0.9994940762726479,0.0,3.424328088760376,0.0,0.013454198837280273,0.0,0.065,0.012,0.15,l2,"{'model__alpha': 0.065, 'model__eta0': 0.012, 'model__l1_ratio': 0.15, 'model__penalty': 'l2'}",-0.332493058944265,-0.9994940762726479
46,-0.332493058944265,0.0,-0.9994940762726479,0.0,4.015111207962036,0.0,0.012705326080322266,0.0,0.065,0.012,0.2,l2,"{'model__alpha': 0.065, 'model__eta0': 0.012, 'model__l1_ratio': 0.2, 'model__penalty': 'l2'}",-0.332493058944265,-0.9994940762726479
46,-0.332493058944265,0.0,-0.9994940762726479,0.0,4.12798547744751,0.0,0.012522459030151367,0.0,0.065,0.012,0.25,l2,"{'model__alpha': 0.065, 'model__eta0': 0.012, 'model__l1_ratio': 0.25, 'model__penalty': 'l2'}",-0.332493058944265,-0.9994940762726479
49,-0.332502921065394,0.0,-0.9993142090748558,0.0,3.5217912197113037,0.0,0.014577627182006836,0.0,0.08,0.011,0.15,l2,"{'model__alpha': 0.08, 'model__eta0': 0.011, 'model__l1_ratio': 0.15, 'model__penalty': 'l2'}",-0.332502921065394,-0.9993142090748558
49,-0.332502921065394,0.0,-0.9993142090748558,0.0,4.615577936172485,0.0,0.01995849609375,0.0,0.08,0.011,0.2,l2,"{'model__alpha': 0.08, 'model__eta0': 0.011, 'model__l1_ratio': 0.2, 'model__penalty': 'l2'}",-0.332502921065394,-0.9993142090748558
49,-0.332502921065394,0.0,-0.9993142090748558,0.0,3.500577926635742,0.0,0.012636899948120117,0.0,0.08,0.011,0.25,l2,"{'model__alpha': 0.08, 'model__eta0': 0.011, 'model__l1_ratio': 0.25, 'model__penalty': 'l2'}",-0.332502921065394,-0.9993142090748558
52,-0.3325046423579956,0.0,-0.9992895963127352,0.0,6.516724586486816,0.0,0.01286625862121582,0.0,0.075,0.011,0.15,l2,"{'model__alpha': 0.075, 'model__eta0': 0.011, 'model__l1_ratio': 0.15, 'model__penalty': 'l2'}",-0.3325046423579956,-0.9992895963127352
52,-0.3325046423579956,0.0,-0.9992895963127352,0.0,3.471477508544922,0.0,0.012341022491455078,0.0,0.075,0.011,0.2,l2,"{'model__alpha': 0.075, 'model__eta0': 0.011, 'model__l1_ratio': 0.2, 'model__penalty': 'l2'}",-0.3325046423579956,-0.9992895963127352
52,-0.3325046423579956,0.0,-0.9992895963127352,0.0,3.9451427459716797,0.0,0.011884450912475586,0.0,0.075,0.011,0.25,l2,"{'model__alpha': 0.075, 'model__eta0': 0.011, 'model__l1_ratio': 0.25, 'model__penalty': 'l2'}",-0.3325046423579956,-0.9992895963127352
55,-0.3325066722004191,0.0,-0.9992637963603813,0.0,3.484978437423706,0.0,0.012540578842163086,0.0,0.07,0.011,0.15,l2,"{'model__alpha': 0.07, 'model__eta0': 0.011, 'model__l1_ratio': 0.15, 'model__penalty': 'l2'}",-0.3325066722004191,-0.9992637963603813
55,-0.3325066722004191,0.0,-0.9992637963603813,0.0,5.197965621948242,0.0,0.012975454330444336,0.0,0.07,0.011,0.2,l2,"{'model__alpha': 0.07, 'model__eta0': 0.011, 'model__l1_ratio': 0.2, 'model__penalty': 'l2'}",-0.3325066722004191,-0.9992637963603813
55,-0.3325066722004191,0.0,-0.9992637963603813,0.0,3.4865310192108154,0.0,0.012686491012573242,0.0,0.07,0.011,0.25,l2,"{'model__alpha': 0.07, 'model__eta0': 0.011, 'model__l1_ratio': 0.25, 'model__penalty': 'l2'}",-0.3325066722004191,-0.9992637963603813
58,-0.3325090367840348,0.0,-0.9992368064943904,0.0,4.28387975692749,0.0,0.03477644920349121,0.0,0.065,0.011,0.15,l2,"{'model__alpha': 0.065, 'model__eta0': 0.011, 'model__l1_ratio': 0.15, 'model__penalty': 'l2'}",-0.3325090367840348,-0.9992368064943904
58,-0.3325090367840348,0.0,-0.9992368064943904,0.0,3.512739896774292,0.0,0.01296377182006836,0.0,0.065,0.011,0.2,l2,"{'model__alpha': 0.065, 'model__eta0': 0.011, 'model__l1_ratio': 0.2, 'model__penalty': 'l2'}",-0.3325090367840348,-0.9992368064943904
58,-0.3325090367840348,0.0,-0.9992368064943904,0.0,4.907156705856323,0.0,0.012282848358154297,0.0,0.065,0.011,0.25,l2,"{'model__alpha': 0.065, 'model__eta0': 0.011, 'model__l1_ratio': 0.25, 'model__penalty': 'l2'}",-0.3325090367840348,-0.9992368064943904
61,-0.33277527515127836,0.0,-0.9984612600426994,0.0,3.397953748703003,0.0,0.012740850448608398,0.0,0.065,0.012,0.15,elasticnet,"{'model__alpha': 0.065, 'model__eta0': 0.012, 'model__l1_ratio': 0.15, 'model__penalty': 'elasticnet'}",-0.33277527515127836,-0.9984612600426994
62,-0.33277627626110595,0.0,-0.9984387733973541,0.0,4.880677223205566,0.0,0.01723456382751465,0.0,0.065,0.0135,0.15,elasticnet,"{'model__alpha': 0.065, 'model__eta0': 0.0135, 'model__l1_ratio': 0.15, 'model__penalty': 'elasticnet'}",-0.33277627626110595,-0.9984387733973541
63,-0.332776994062129,0.0,-0.9984318922697849,0.0,4.201079607009888,0.0,0.013058900833129883,0.0,0.065,0.014,0.15,elasticnet,"{'model__alpha': 0.065, 'model__eta0': 0.014, 'model__l1_ratio': 0.15, 'model__penalty': 'elasticnet'}",-0.332776994062129,-0.9984318922697849
64,-0.3327789524744003,0.0,-0.9984190675693515,0.0,3.3910768032073975,0.0,0.012872934341430664,0.0,0.065,0.015,0.15,elasticnet,"{'model__alpha': 0.065, 'model__eta0': 0.015, 'model__l1_ratio': 0.15, 'model__penalty': 'elasticnet'}",-0.3327789524744003,-0.9984190675693515
65,-0.33284506739333763,0.0,-0.9984043608197083,0.0,3.3546359539031982,0.0,0.01320195198059082,0.0,0.07,0.014,0.15,elasticnet,"{'model__alpha': 0.07, 'model__eta0': 0.014, 'model__l1_ratio': 0.15, 'model__penalty': 'elasticnet'}",-0.33284506739333763,-0.9984043608197083
66,-0.3328450708087603,0.0,-0.9984114174804364,0.0,3.3715553283691406,0.0,0.01218724250793457,0.0,0.07,0.0135,0.15,elasticnet,"{'model__alpha': 0.07, 'model__eta0': 0.0135, 'model__l1_ratio': 0.15, 'model__penalty': 'elasticnet'}",-0.3328450708087603,-0.9984114174804364
67,-0.33284610334757203,0.0,-0.9984346361479769,0.0,4.132774114608765,0.0,0.012259721755981445,0.0,0.07,0.012,0.15,elasticnet,"{'model__alpha': 0.07, 'model__eta0': 0.012, 'model__l1_ratio': 0.15, 'model__penalty': 'elasticnet'}",-0.33284610334757203,-0.9984346361479769
68,-0.33284790804842923,0.0,-0.9984515106985651,0.0,3.357750654220581,0.0,0.012255191802978516,0.0,0.07,0.011,0.15,elasticnet,"{'model__alpha': 0.07, 'model__eta0': 0.011, 'model__l1_ratio': 0.15, 'model__penalty': 'elasticnet'}",-0.33284790804842923,-0.9984515106985651
69,-0.3329202803567103,0.0,-0.998384053245915,0.0,3.41109299659729,0.0,0.012507915496826172,0.0,0.075,0.015,0.15,elasticnet,"{'model__alpha': 0.075, 'model__eta0': 0.015, 'model__l1_ratio': 0.15, 'model__penalty': 'elasticnet'}",-0.3329202803567103,-0.998384053245915
70,-0.33292120937858954,0.0,-0.9983975015570311,0.0,4.895618677139282,0.0,0.012534379959106445,0.0,0.075,0.014,0.15,elasticnet,"{'model__alpha': 0.075, 'model__eta0': 0.014, 'model__l1_ratio': 0.15, 'model__penalty': 'elasticnet'}",-0.33292120937858954,-0.9983975015570311
71,-0.33292192033384493,0.0,-0.9984048001677112,0.0,4.080678701400757,0.0,0.02404618263244629,0.0,0.075,0.0135,0.15,elasticnet,"{'model__alpha': 0.075, 'model__eta0': 0.0135, 'model__l1_ratio': 0.15, 'model__penalty': 'elasticnet'}",-0.33292192033384493,-0.9984048001677112
72,-0.33292834399749416,0.0,-0.9984457825406253,0.0,3.351088762283325,0.0,0.012565851211547852,0.0,0.075,0.011,0.15,elasticnet,"{'model__alpha': 0.075, 'model__eta0': 0.011, 'model__l1_ratio': 0.15, 'model__penalty': 'elasticnet'}",-0.33292834399749416,-0.9984457825406253
73,-0.33300370502215737,0.0,-0.9983967564508454,0.0,4.5403077602386475,0.0,0.033623456954956055,0.0,0.08,0.015,0.15,elasticnet,"{'model__alpha': 0.08, 'model__eta0': 0.015, 'model__l1_ratio': 0.15, 'model__penalty': 'elasticnet'}",-0.33300370502215737,-0.9983967564508454
74,-0.3330061669251803,0.0,-0.9984109339264964,0.0,3.349588394165039,0.0,0.012537956237792969,0.0,0.08,0.014,0.15,elasticnet,"{'model__alpha': 0.08, 'model__eta0': 0.014, 'model__l1_ratio': 0.15, 'model__penalty': 'elasticnet'}",-0.3330061669251803,-0.9984109339264964
75,-0.33300766523805003,0.0,-0.99841862593813,0.0,3.4044289588928223,0.0,0.012647867202758789,0.0,0.08,0.0135,0.15,elasticnet,"{'model__alpha': 0.08, 'model__eta0': 0.0135, 'model__l1_ratio': 0.15, 'model__penalty': 'elasticnet'}",-0.33300766523805003,-0.99841862593813
76,-0.33322314481362963,0.0,-0.9986297534010008,0.0,4.48667049407959,0.0,0.018030881881713867,0.0,0.065,0.015,0.2,elasticnet,"{'model__alpha': 0.065, 'model__eta0': 0.015, 'model__l1_ratio': 0.2, 'model__penalty': 'elasticnet'}",-0.33322314481362963,-0.9986297534010008
77,-0.33322716956952486,0.0,-0.9986440344940706,0.0,3.3474488258361816,0.0,0.012408971786499023,0.0,0.065,0.014,0.2,elasticnet,"{'model__alpha': 0.065, 'model__eta0': 0.014, 'model__l1_ratio': 0.2, 'model__penalty': 'elasticnet'}",-0.33322716956952486,-0.9986440344940706
78,-0.33322922116195813,0.0,-0.9986514031464473,0.0,3.4754533767700195,0.0,0.012836933135986328,0.0,0.065,0.0135,0.2,elasticnet,"{'model__alpha': 0.065, 'model__eta0': 0.0135, 'model__l1_ratio': 0.2, 'model__penalty': 'elasticnet'}",-0.33322922116195813,-0.9986514031464473
79,-0.3332352128076135,0.0,-0.9986733154495343,0.0,4.449010848999023,0.0,0.018520355224609375,0.0,0.065,0.012,0.2,elasticnet,"{'model__alpha': 0.065, 'model__eta0': 0.012, 'model__l1_ratio': 0.2, 'model__penalty': 'elasticnet'}",-0.3332352128076135,-0.9986733154495343
80,-0.3332390553431458,0.0,-0.9986874351425028,0.0,3.366058349609375,0.0,0.016425132751464844,0.0,0.065,0.011,0.2,elasticnet,"{'model__alpha': 0.065, 'model__eta0': 0.011, 'model__l1_ratio': 0.2, 'model__penalty': 'elasticnet'}",-0.3332390553431458,-0.9986874351425028
81,-0.3333586730673509,0.0,-0.9986924982969403,0.0,3.3629884719848633,0.0,0.012428522109985352,0.0,0.07,0.015,0.2,elasticnet,"{'model__alpha': 0.07, 'model__eta0': 0.015, 'model__l1_ratio': 0.2, 'model__penalty': 'elasticnet'}",-0.3333586730673509,-0.9986924982969403
82,-0.3337504709103451,0.0,-0.9989483060274202,0.0,3.436882734298706,0.0,0.012724161148071289,0.0,0.065,0.011,0.15,elasticnet,"{'model__alpha': 0.065, 'model__eta0': 0.011, 'model__l1_ratio': 0.15, 'model__penalty': 'elasticnet'}",-0.3337504709103451,-0.9989483060274202
83,-0.33375267784644447,0.0,-0.9989468018210934,0.0,4.383262634277344,0.0,0.019067049026489258,0.0,0.07,0.015,0.15,elasticnet,"{'model__alpha': 0.07, 'model__eta0': 0.015, 'model__l1_ratio': 0.15, 'model__penalty': 'elasticnet'}",-0.33375267784644447,-0.9989468018210934
84,-0.3338212113997901,0.0,-0.9990131377852612,0.0,3.4230401515960693,0.0,0.012742042541503906,0.0,0.075,0.012,0.15,elasticnet,"{'model__alpha': 0.075, 'model__eta0': 0.012, 'model__l1_ratio': 0.15, 'model__penalty': 'elasticnet'}",-0.3338212113997901,-0.9990131377852612
85,-0.3339053051898174,0.0,-0.9990972128868876,0.0,4.8602728843688965,0.0,0.01257014274597168,0.0,0.08,0.012,0.15,elasticnet,"{'model__alpha': 0.08, 'model__eta0': 0.012, 'model__l1_ratio': 0.15, 'model__penalty': 'elasticnet'}",-0.3339053051898174,-0.9990972128868876
86,-0.33391073183560394,0.0,-0.9991032040770669,0.0,3.4121387004852295,0.0,0.012829065322875977,0.0,0.08,0.011,0.15,elasticnet,"{'model__alpha': 0.08, 'model__eta0': 0.011, 'model__l1_ratio': 0.15, 'model__penalty': 'elasticnet'}",-0.33391073183560394,-0.9991032040770669
87,-0.33402802455010394,0.0,-0.9992188249673829,0.0,4.924199104309082,0.0,0.019289016723632812,0.0,0.07,0.014,0.2,elasticnet,"{'model__alpha': 0.07, 'model__eta0': 0.014, 'model__l1_ratio': 0.2, 'model__penalty': 'elasticnet'}",-0.33402802455010394,-0.9992188249673829
88,-0.33403345447392885,0.0,-0.9992248082601236,0.0,4.442988872528076,0.0,0.031043052673339844,0.0,0.07,0.0135,0.2,elasticnet,"{'model__alpha': 0.07, 'model__eta0': 0.0135, 'model__l1_ratio': 0.2, 'model__penalty': 'elasticnet'}",-0.33403345447392885,-0.9992248082601236
89,-0.33404947769959775,0.0,-0.9992424352873331,0.0,3.4067485332489014,0.0,0.01645660400390625,0.0,0.07,0.012,0.2,elasticnet,"{'model__alpha': 0.07, 'model__eta0': 0.012, 'model__l1_ratio': 0.2, 'model__penalty': 'elasticnet'}",-0.33404947769959775,-0.9992424352873331
90,-0.3340598081358898,0.0,-0.9992537220227027,0.0,3.367483377456665,0.0,0.012455463409423828,0.0,0.07,0.011,0.2,elasticnet,"{'model__alpha': 0.07, 'model__eta0': 0.011, 'model__l1_ratio': 0.2, 'model__penalty': 'elasticnet'}",-0.3340598081358898,-0.9992537220227027
91,-0.3340827401360201,0.0,-0.9992728184410254,0.0,4.112499952316284,0.0,0.02913832664489746,0.0,0.075,0.015,0.2,elasticnet,"{'model__alpha': 0.075, 'model__eta0': 0.015, 'model__l1_ratio': 0.2, 'model__penalty': 'elasticnet'}",-0.3340827401360201,-0.9992728184410254
92,-0.3340930300261462,0.0,-0.9992842502519987,0.0,3.3756237030029297,0.0,0.012303590774536133,0.0,0.075,0.014,0.2,elasticnet,"{'model__alpha': 0.075, 'model__eta0': 0.014, 'model__l1_ratio': 0.2, 'model__penalty': 'elasticnet'}",-0.3340930300261462,-0.9992842502519987
93,-0.3340983463381724,0.0,-0.9992901479232927,0.0,3.8501088619232178,0.0,0.012839078903198242,0.0,0.075,0.0135,0.2,elasticnet,"{'model__alpha': 0.075, 'model__eta0': 0.0135, 'model__l1_ratio': 0.2, 'model__penalty': 'elasticnet'}",-0.3340983463381724,-0.9992901479232927
94,-0.3341151122965506,0.0,-0.9993086637285622,0.0,4.981172323226929,0.0,0.012690544128417969,0.0,0.075,0.012,0.2,elasticnet,"{'model__alpha': 0.075, 'model__eta0': 0.012, 'model__l1_ratio': 0.2, 'model__penalty': 'elasticnet'}",-0.3341151122965506,-0.9993086637285622
95,-0.3341264370538154,0.0,-0.9993210724934332,0.0,3.383408784866333,0.0,0.017083406448364258,0.0,0.075,0.011,0.2,elasticnet,"{'model__alpha': 0.075, 'model__eta0': 0.011, 'model__l1_ratio': 0.2, 'model__penalty': 'elasticnet'}",-0.3341264370538154,-0.9993210724934332
96,-0.33416443564435744,0.0,-0.9993545914672374,0.0,3.378633737564087,0.0,0.012578725814819336,0.0,0.08,0.015,0.2,elasticnet,"{'model__alpha': 0.08, 'model__eta0': 0.015, 'model__l1_ratio': 0.2, 'model__penalty': 'elasticnet'}",-0.33416443564435744,-0.9993545914672374
97,-0.3341733311842597,0.0,-0.9993647315479007,0.0,4.9053003787994385,0.0,0.012232303619384766,0.0,0.08,0.014,0.2,elasticnet,"{'model__alpha': 0.08, 'model__eta0': 0.014, 'model__l1_ratio': 0.2, 'model__penalty': 'elasticnet'}",-0.3341733311842597,-0.9993647315479007
98,-0.3341779654187419,0.0,-0.9993699610870246,0.0,3.382044553756714,0.0,0.012496232986450195,0.0,0.08,0.0135,0.2,elasticnet,"{'model__alpha': 0.08, 'model__eta0': 0.0135, 'model__l1_ratio': 0.2, 'model__penalty': 'elasticnet'}",-0.3341779654187419,-0.9993699610870246
99,-0.33418595368630033,0.0,-0.9993748582845766,0.0,3.4517295360565186,0.0,0.012897491455078125,0.0,0.065,0.015,0.25,elasticnet,"{'model__alpha': 0.065, 'model__eta0': 0.015, 'model__l1_ratio': 0.25, 'model__penalty': 'elasticnet'}",-0.33418595368630033,-0.9993748582845766
100,-0.33419294620579054,0.0,-0.9993867436714373,0.0,3.397824764251709,0.0,0.012748479843139648,0.0,0.08,0.012,0.2,elasticnet,"{'model__alpha': 0.08, 'model__eta0': 0.012, 'model__l1_ratio': 0.2, 'model__penalty': 'elasticnet'}",-0.33419294620579054,-0.9993867436714373
101,-0.3341938298166165,0.0,-0.999384127336408,0.0,5.015420913696289,0.0,0.012641191482543945,0.0,0.065,0.014,0.25,elasticnet,"{'model__alpha': 0.065, 'model__eta0': 0.014, 'model__l1_ratio': 0.25, 'model__penalty': 'elasticnet'}",-0.3341938298166165,-0.999384127336408
102,-0.33419785280383324,0.0,-0.9993888067111438,0.0,3.7634313106536865,0.0,0.02778148651123047,0.0,0.065,0.0135,0.25,elasticnet,"{'model__alpha': 0.065, 'model__eta0': 0.0135, 'model__l1_ratio': 0.25, 'model__penalty': 'elasticnet'}",-0.33419785280383324,-0.9993888067111438
103,-0.3342035669794054,0.0,-0.9993985432113304,0.0,3.77128267288208,0.0,0.012909889221191406,0.0,0.08,0.011,0.2,elasticnet,"{'model__alpha': 0.08, 'model__eta0': 0.011, 'model__l1_ratio': 0.2, 'model__penalty': 'elasticnet'}",-0.3342035669794054,-0.9993985432113304
104,-0.33421128751241586,0.0,-0.9994041400965606,0.0,3.4592506885528564,0.0,0.014740228652954102,0.0,0.065,0.012,0.25,elasticnet,"{'model__alpha': 0.065, 'model__eta0': 0.012, 'model__l1_ratio': 0.25, 'model__penalty': 'elasticnet'}",-0.33421128751241586,-0.9994041400965606
105,-0.3342210094534063,0.0,-0.9994150637152516,0.0,3.3361029624938965,0.0,0.012735605239868164,0.0,0.065,0.011,0.25,elasticnet,"{'model__alpha': 0.065, 'model__eta0': 0.011, 'model__l1_ratio': 0.25, 'model__penalty': 'elasticnet'}",-0.3342210094534063,-0.9994150637152516
106,-0.33441472468534766,0.0,-0.9995905850009994,0.0,3.611372947692871,0.0,0.0323946475982666,0.0,0.07,0.015,0.25,elasticnet,"{'model__alpha': 0.07, 'model__eta0': 0.015, 'model__l1_ratio': 0.25, 'model__penalty': 'elasticnet'}",-0.33441472468534766,-0.9995905850009994
107,-0.3344213032169159,0.0,-0.9995982738487259,0.0,3.4235177040100098,0.0,0.012630939483642578,0.0,0.07,0.014,0.25,elasticnet,"{'model__alpha': 0.07, 'model__eta0': 0.014, 'model__l1_ratio': 0.25, 'model__penalty': 'elasticnet'}",-0.3344213032169159,-0.9995982738487259
108,-0.3344244976707422,0.0,-0.9996020066056934,0.0,3.9067232608795166,0.0,0.012750864028930664,0.0,0.07,0.0135,0.25,elasticnet,"{'model__alpha': 0.07, 'model__eta0': 0.0135, 'model__l1_ratio': 0.25, 'model__penalty': 'elasticnet'}",-0.3344244976707422,-0.9996020066056934
109,-0.3344336881299012,0.0,-0.9996127459113363,0.0,4.861401319503784,0.0,0.013180971145629883,0.0,0.07,0.012,0.25,elasticnet,"{'model__alpha': 0.07, 'model__eta0': 0.012, 'model__l1_ratio': 0.25, 'model__penalty': 'elasticnet'}",-0.3344336881299012,-0.9996127459113363
110,-0.33444010782629807,0.0,-0.999620261637924,0.0,3.4539690017700195,0.0,0.012884378433227539,0.0,0.07,0.011,0.25,elasticnet,"{'model__alpha': 0.07, 'model__eta0': 0.011, 'model__l1_ratio': 0.25, 'model__penalty': 'elasticnet'}",-0.33444010782629807,-0.999620261637924
111,-0.3345023946271173,0.0,-0.9996948638282421,0.0,3.424698829650879,0.0,0.012740850448608398,0.0,0.075,0.015,0.25,elasticnet,"{'model__alpha': 0.075, 'model__eta0': 0.015, 'model__l1_ratio': 0.25, 'model__penalty': 'elasticnet'}",-0.3345023946271173,-0.9996948638282421
112,-0.3345050704113864,0.0,-0.9996979094078228,0.0,5.10619592666626,0.0,0.012730598449707031,0.0,0.075,0.014,0.25,elasticnet,"{'model__alpha': 0.075, 'model__eta0': 0.014, 'model__l1_ratio': 0.25, 'model__penalty': 'elasticnet'}",-0.3345050704113864,-0.9996979094078228
113,-0.33450639619150496,0.0,-0.9996994193119801,0.0,3.4545738697052,0.0,0.013204574584960938,0.0,0.075,0.0135,0.25,elasticnet,"{'model__alpha': 0.075, 'model__eta0': 0.0135, 'model__l1_ratio': 0.25, 'model__penalty': 'elasticnet'}",-0.33450639619150496,-0.9996994193119801
114,-0.3345107490251988,0.0,-0.9997044060008179,0.0,3.505897045135498,0.0,0.01241159439086914,0.0,0.075,0.012,0.25,elasticnet,"{'model__alpha': 0.075, 'model__eta0': 0.012, 'model__l1_ratio': 0.25, 'model__penalty': 'elasticnet'}",-0.3345107490251988,-0.9997044060008179
115,-0.3345139354024684,0.0,-0.9997080805946289,0.0,4.334853410720825,0.0,0.012682914733886719,0.0,0.075,0.011,0.25,elasticnet,"{'model__alpha': 0.075, 'model__eta0': 0.011, 'model__l1_ratio': 0.25, 'model__penalty': 'elasticnet'}",-0.3345139354024684,-0.9997080805946289
116,-0.3345887809679331,0.0,-0.9998015305038694,0.0,3.9516308307647705,0.0,0.012851715087890625,0.0,0.08,0.0135,0.25,elasticnet,"{'model__alpha': 0.08, 'model__eta0': 0.0135, 'model__l1_ratio': 0.25, 'model__penalty': 'elasticnet'}",-0.3345887809679331,-0.9998015305038694
117,-0.33459330082742655,0.0,-0.9998072852605119,0.0,3.411693572998047,0.0,0.012490510940551758,0.0,0.08,0.014,0.25,elasticnet,"{'model__alpha': 0.08, 'model__eta0': 0.014, 'model__l1_ratio': 0.25, 'model__penalty': 'elasticnet'}",-0.33459330082742655,-0.9998072852605119
118,-0.3346104717833453,0.0,-0.9998273644267726,0.0,2.9791722297668457,0.0,0.010208845138549805,0.0,0.08,0.015,0.25,elasticnet,"{'model__alpha': 0.08, 'model__eta0': 0.015, 'model__l1_ratio': 0.25, 'model__penalty': 'elasticnet'}",-0.3346104717833453,-0.9998273644267726
119,-0.3346116551676836,0.0,-0.9998243156149668,0.0,3.477689504623413,0.0,0.013143301010131836,0.0,0.08,0.011,0.25,elasticnet,"{'model__alpha': 0.08, 'model__eta0': 0.011, 'model__l1_ratio': 0.25, 'model__penalty': 'elasticnet'}",-0.3346116551676836,-0.9998243156149668
120,-0.33461862453051433,0.0,-0.9998327306615624,0.0,4.652563095092773,0.0,0.019484519958496094,0.0,0.08,0.012,0.25,elasticnet,"{'model__alpha': 0.08, 'model__eta0': 0.012, 'model__l1_ratio': 0.25, 'model__penalty': 'elasticnet'}",-0.33461862453051433,-0.9998327306615624
121,-0.3347636252278124,0.0,-1.0000056085404938,0.0,3.439220666885376,0.0,0.012632131576538086,0.0,0.065,0.015,0.15,l1,"{'model__alpha': 0.065, 'model__eta0': 0.015, 'model__l1_ratio': 0.15, 'model__penalty': 'l1'}",-0.3347636252278124,-1.0000056085404938
121,-0.3347636252278124,0.0,-1.0000056085404938,0.0,3.891472578048706,0.0,0.027405261993408203,0.0,0.065,0.015,0.2,l1,"{'model__alpha': 0.065, 'model__eta0': 0.015, 'model__l1_ratio': 0.2, 'model__penalty': 'l1'}",-0.3347636252278124,-1.0000056085404938
121,-0.3347636252278124,0.0,-1.0000056085404938,0.0,3.8453009128570557,0.0,0.013176441192626953,0.0,0.065,0.015,0.25,l1,"{'model__alpha': 0.065, 'model__eta0': 0.015, 'model__l1_ratio': 0.25, 'model__penalty': 'l1'}",-0.3347636252278124,-1.0000056085404938
121,-0.3347636252278124,0.0,-1.0000056085404938,0.0,4.794129848480225,0.0,0.02721428871154785,0.0,0.07,0.015,0.15,l1,"{'model__alpha': 0.07, 'model__eta0': 0.015, 'model__l1_ratio': 0.15, 'model__penalty': 'l1'}",-0.3347636252278124,-1.0000056085404938
121,-0.3347636252278124,0.0,-1.0000056085404938,0.0,3.6148478984832764,0.0,0.017705917358398438,0.0,0.07,0.015,0.2,l1,"{'model__alpha': 0.07, 'model__eta0': 0.015, 'model__l1_ratio': 0.2, 'model__penalty': 'l1'}",-0.3347636252278124,-1.0000056085404938
121,-0.3347636252278124,0.0,-1.0000056085404938,0.0,3.5709068775177,0.0,0.021625280380249023,0.0,0.07,0.015,0.25,l1,"{'model__alpha': 0.07, 'model__eta0': 0.015, 'model__l1_ratio': 0.25, 'model__penalty': 'l1'}",-0.3347636252278124,-1.0000056085404938
121,-0.3347636252278124,0.0,-1.0000056085404938,0.0,3.420016050338745,0.0,0.012271642684936523,0.0,0.075,0.015,0.15,l1,"{'model__alpha': 0.075, 'model__eta0': 0.015, 'model__l1_ratio': 0.15, 'model__penalty': 'l1'}",-0.3347636252278124,-1.0000056085404938
121,-0.3347636252278124,0.0,-1.0000056085404938,0.0,3.4301137924194336,0.0,0.012737274169921875,0.0,0.075,0.015,0.2,l1,"{'model__alpha': 0.075, 'model__eta0': 0.015, 'model__l1_ratio': 0.2, 'model__penalty': 'l1'}",-0.3347636252278124,-1.0000056085404938
121,-0.3347636252278124,0.0,-1.0000056085404938,0.0,4.167488098144531,0.0,0.014314651489257812,0.0,0.075,0.015,0.25,l1,"{'model__alpha': 0.075, 'model__eta0': 0.015, 'model__l1_ratio': 0.25, 'model__penalty': 'l1'}",-0.3347636252278124,-1.0000056085404938
121,-0.3347636252278124,0.0,-1.0000056085404938,0.0,3.395268678665161,0.0,0.013190984725952148,0.0,0.08,0.015,0.15,l1,"{'model__alpha': 0.08, 'model__eta0': 0.015, 'model__l1_ratio': 0.15, 'model__penalty': 'l1'}",-0.3347636252278124,-1.0000056085404938
121,-0.3347636252278124,0.0,-1.0000056085404938,0.0,3.7419960498809814,0.0,0.012163639068603516,0.0,0.08,0.015,0.2,l1,"{'model__alpha': 0.08, 'model__eta0': 0.015, 'model__l1_ratio': 0.2, 'model__penalty': 'l1'}",-0.3347636252278124,-1.0000056085404938
121,-0.3347636252278124,0.0,-1.0000056085404938,0.0,3.4996328353881836,0.0,0.012395143508911133,0.0,0.08,0.015,0.25,l1,"{'model__alpha': 0.08, 'model__eta0': 0.015, 'model__l1_ratio': 0.25, 'model__penalty': 'l1'}",-0.3347636252278124,-1.0000056085404938
133,-0.33476415951674954,0.0,-1.0000061030930478,0.0,4.488214492797852,0.0,0.012316465377807617,0.0,0.065,0.014,0.15,l1,"{'model__alpha': 0.065, 'model__eta0': 0.014, 'model__l1_ratio': 0.15, 'model__penalty': 'l1'}",-0.33476415951674954,-1.0000061030930478
133,-0.33476415951674954,0.0,-1.0000061030930478,0.0,3.4256842136383057,0.0,0.012339353561401367,0.0,0.065,0.014,0.2,l1,"{'model__alpha': 0.065, 'model__eta0': 0.014, 'model__l1_ratio': 0.2, 'model__penalty': 'l1'}",-0.33476415951674954,-1.0000061030930478
133,-0.33476415951674954,0.0,-1.0000061030930478,0.0,5.059274911880493,0.0,0.012272119522094727,0.0,0.065,0.014,0.25,l1,"{'model__alpha': 0.065, 'model__eta0': 0.014, 'model__l1_ratio': 0.25, 'model__penalty': 'l1'}",-0.33476415951674954,-1.0000061030930478
133,-0.33476415951674954,0.0,-1.0000061030930478,0.0,3.3691744804382324,0.0,0.012697458267211914,0.0,0.07,0.014,0.15,l1,"{'model__alpha': 0.07, 'model__eta0': 0.014, 'model__l1_ratio': 0.15, 'model__penalty': 'l1'}",-0.33476415951674954,-1.0000061030930478
133,-0.33476415951674954,0.0,-1.0000061030930478,0.0,5.080655813217163,0.0,0.01239466667175293,0.0,0.07,0.014,0.2,l1,"{'model__alpha': 0.07, 'model__eta0': 0.014, 'model__l1_ratio': 0.2, 'model__penalty': 'l1'}",-0.33476415951674954,-1.0000061030930478
133,-0.33476415951674954,0.0,-1.0000061030930478,0.0,3.3683536052703857,0.0,0.012581348419189453,0.0,0.07,0.014,0.25,l1,"{'model__alpha': 0.07, 'model__eta0': 0.014, 'model__l1_ratio': 0.25, 'model__penalty': 'l1'}",-0.33476415951674954,-1.0000061030930478
133,-0.33476415951674954,0.0,-1.0000061030930478,0.0,4.984802007675171,0.0,0.012710809707641602,0.0,0.075,0.014,0.15,l1,"{'model__alpha': 0.075, 'model__eta0': 0.014, 'model__l1_ratio': 0.15, 'model__penalty': 'l1'}",-0.33476415951674954,-1.0000061030930478
133,-0.33476415951674954,0.0,-1.0000061030930478,0.0,3.3477718830108643,0.0,0.012670755386352539,0.0,0.075,0.014,0.2,l1,"{'model__alpha': 0.075, 'model__eta0': 0.014, 'model__l1_ratio': 0.2, 'model__penalty': 'l1'}",-0.33476415951674954,-1.0000061030930478
133,-0.33476415951674954,0.0,-1.0000061030930478,0.0,4.102590799331665,0.0,0.026807308197021484,0.0,0.075,0.014,0.25,l1,"{'model__alpha': 0.075, 'model__eta0': 0.014, 'model__l1_ratio': 0.25, 'model__penalty': 'l1'}",-0.33476415951674954,-1.0000061030930478
133,-0.33476415951674954,0.0,-1.0000061030930478,0.0,3.408702850341797,0.0,0.012490510940551758,0.0,0.08,0.014,0.15,l1,"{'model__alpha': 0.08, 'model__eta0': 0.014, 'model__l1_ratio': 0.15, 'model__penalty': 'l1'}",-0.33476415951674954,-1.0000061030930478
133,-0.33476415951674954,0.0,-1.0000061030930478,0.0,4.6469573974609375,0.0,0.015643835067749023,0.0,0.08,0.014,0.2,l1,"{'model__alpha': 0.08, 'model__eta0': 0.014, 'model__l1_ratio': 0.2, 'model__penalty': 'l1'}",-0.33476415951674954,-1.0000061030930478
133,-0.33476415951674954,0.0,-1.0000061030930478,0.0,3.4383342266082764,0.0,0.012125730514526367,0.0,0.08,0.014,0.25,l1,"{'model__alpha': 0.08, 'model__eta0': 0.014, 'model__l1_ratio': 0.25, 'model__penalty': 'l1'}",-0.33476415951674954,-1.0000061030930478
145,-0.3347644234063682,0.0,-1.000006347908505,0.0,3.4761569499969482,0.0,0.014653921127319336,0.0,0.065,0.0135,0.15,l1,"{'model__alpha': 0.065, 'model__eta0': 0.0135, 'model__l1_ratio': 0.15, 'model__penalty': 'l1'}",-0.3347644234063682,-1.000006347908505
145,-0.3347644234063682,0.0,-1.000006347908505,0.0,3.467719078063965,0.0,0.01364278793334961,0.0,0.065,0.0135,0.2,l1,"{'model__alpha': 0.065, 'model__eta0': 0.0135, 'model__l1_ratio': 0.2, 'model__penalty': 'l1'}",-0.3347644234063682,-1.000006347908505
145,-0.3347644234063682,0.0,-1.000006347908505,0.0,3.4407129287719727,0.0,0.012888908386230469,0.0,0.065,0.0135,0.25,l1,"{'model__alpha': 0.065, 'model__eta0': 0.0135, 'model__l1_ratio': 0.25, 'model__penalty': 'l1'}",-0.3347644234063682,-1.000006347908505
145,-0.3347644234063682,0.0,-1.000006347908505,0.0,3.490530014038086,0.0,0.012585163116455078,0.0,0.07,0.0135,0.15,l1,"{'model__alpha': 0.07, 'model__eta0': 0.0135, 'model__l1_ratio': 0.15, 'model__penalty': 'l1'}",-0.3347644234063682,-1.000006347908505
145,-0.3347644234063682,0.0,-1.000006347908505,0.0,3.3235206604003906,0.0,0.02110147476196289,0.0,0.07,0.0135,0.2,l1,"{'model__alpha': 0.07, 'model__eta0': 0.0135, 'model__l1_ratio': 0.2, 'model__penalty': 'l1'}",-0.3347644234063682,-1.000006347908505
145,-0.3347644234063682,0.0,-1.000006347908505,0.0,4.019629240036011,0.0,0.016066312789916992,0.0,0.07,0.0135,0.25,l1,"{'model__alpha': 0.07, 'model__eta0': 0.0135, 'model__l1_ratio': 0.25, 'model__penalty': 'l1'}",-0.3347644234063682,-1.000006347908505
145,-0.3347644234063682,0.0,-1.000006347908505,0.0,3.467754364013672,0.0,0.012566566467285156,0.0,0.075,0.0135,0.15,l1,"{'model__alpha': 0.075, 'model__eta0': 0.0135, 'model__l1_ratio': 0.15, 'model__penalty': 'l1'}",-0.3347644234063682,-1.000006347908505
145,-0.3347644234063682,0.0,-1.000006347908505,0.0,4.26955246925354,0.0,0.013370990753173828,0.0,0.075,0.0135,0.2,l1,"{'model__alpha': 0.075, 'model__eta0': 0.0135, 'model__l1_ratio': 0.2, 'model__penalty': 'l1'}",-0.3347644234063682,-1.000006347908505
145,-0.3347644234063682,0.0,-1.000006347908505,0.0,3.4248321056365967,0.0,0.012370586395263672,0.0,0.075,0.0135,0.25,l1,"{'model__alpha': 0.075, 'model__eta0': 0.0135, 'model__l1_ratio': 0.25, 'model__penalty': 'l1'}",-0.3347644234063682,-1.000006347908505
145,-0.3347644234063682,0.0,-1.000006347908505,0.0,3.6517553329467773,0.0,0.01212763786315918,0.0,0.08,0.0135,0.15,l1,"{'model__alpha': 0.08, 'model__eta0': 0.0135, 'model__l1_ratio': 0.15, 'model__penalty': 'l1'}",-0.3347644234063682,-1.000006347908505
145,-0.3347644234063682,0.0,-1.000006347908505,0.0,3.4259183406829834,0.0,0.016283750534057617,0.0,0.08,0.0135,0.2,l1,"{'model__alpha': 0.08, 'model__eta0': 0.0135, 'model__l1_ratio': 0.2, 'model__penalty': 'l1'}",-0.3347644234063682,-1.000006347908505
145,-0.3347644234063682,0.0,-1.000006347908505,0.0,4.857984304428101,0.0,0.012699127197265625,0.0,0.08,0.0135,0.25,l1,"{'model__alpha': 0.08, 'model__eta0': 0.0135, 'model__l1_ratio': 0.25, 'model__penalty': 'l1'}",-0.3347644234063682,-1.000006347908505
157,-0.33476519174265873,0.0,-1.0000070625757655,0.0,3.4033901691436768,0.0,0.01213836669921875,0.0,0.065,0.012,0.15,l1,"{'model__alpha': 0.065, 'model__eta0': 0.012, 'model__l1_ratio': 0.15, 'model__penalty': 'l1'}",-0.33476519174265873,-1.0000070625757655
157,-0.33476519174265873,0.0,-1.0000070625757655,0.0,4.131460905075073,0.0,0.014412403106689453,0.0,0.065,0.012,0.2,l1,"{'model__alpha': 0.065, 'model__eta0': 0.012, 'model__l1_ratio': 0.2, 'model__penalty': 'l1'}",-0.33476519174265873,-1.0000070625757655
157,-0.33476519174265873,0.0,-1.0000070625757655,0.0,3.4277572631835938,0.0,0.012520551681518555,0.0,0.065,0.012,0.25,l1,"{'model__alpha': 0.065, 'model__eta0': 0.012, 'model__l1_ratio': 0.25, 'model__penalty': 'l1'}",-0.33476519174265873,-1.0000070625757655
157,-0.33476519174265873,0.0,-1.0000070625757655,0.0,4.290166854858398,0.0,0.02035379409790039,0.0,0.07,0.012,0.15,l1,"{'model__alpha': 0.07, 'model__eta0': 0.012, 'model__l1_ratio': 0.15, 'model__penalty': 'l1'}",-0.33476519174265873,-1.0000070625757655
157,-0.33476519174265873,0.0,-1.0000070625757655,0.0,3.4450581073760986,0.0,0.012349128723144531,0.0,0.07,0.012,0.2,l1,"{'model__alpha': 0.07, 'model__eta0': 0.012, 'model__l1_ratio': 0.2, 'model__penalty': 'l1'}",-0.33476519174265873,-1.0000070625757655
157,-0.33476519174265873,0.0,-1.0000070625757655,0.0,3.320592164993286,0.0,0.012713193893432617,0.0,0.07,0.012,0.25,l1,"{'model__alpha': 0.07, 'model__eta0': 0.012, 'model__l1_ratio': 0.25, 'model__penalty': 'l1'}",-0.33476519174265873,-1.0000070625757655
157,-0.33476519174265873,0.0,-1.0000070625757655,0.0,3.451876401901245,0.0,0.012320518493652344,0.0,0.075,0.012,0.15,l1,"{'model__alpha': 0.075, 'model__eta0': 0.012, 'model__l1_ratio': 0.15, 'model__penalty': 'l1'}",-0.33476519174265873,-1.0000070625757655
157,-0.33476519174265873,0.0,-1.0000070625757655,0.0,3.3965580463409424,0.0,0.012157678604125977,0.0,0.075,0.012,0.2,l1,"{'model__alpha': 0.075, 'model__eta0': 0.012, 'model__l1_ratio': 0.2, 'model__penalty': 'l1'}",-0.33476519174265873,-1.0000070625757655
157,-0.33476519174265873,0.0,-1.0000070625757655,0.0,3.4353227615356445,0.0,0.013285398483276367,0.0,0.075,0.012,0.25,l1,"{'model__alpha': 0.075, 'model__eta0': 0.012, 'model__l1_ratio': 0.25, 'model__penalty': 'l1'}",-0.33476519174265873,-1.0000070625757655
157,-0.33476519174265873,0.0,-1.0000070625757655,0.0,4.1441731452941895,0.0,0.012470006942749023,0.0,0.08,0.012,0.15,l1,"{'model__alpha': 0.08, 'model__eta0': 0.012, 'model__l1_ratio': 0.15, 'model__penalty': 'l1'}",-0.33476519174265873,-1.0000070625757655
157,-0.33476519174265873,0.0,-1.0000070625757655,0.0,3.3740501403808594,0.0,0.012447834014892578,0.0,0.08,0.012,0.2,l1,"{'model__alpha': 0.08, 'model__eta0': 0.012, 'model__l1_ratio': 0.2, 'model__penalty': 'l1'}",-0.33476519174265873,-1.0000070625757655
157,-0.33476519174265873,0.0,-1.0000070625757655,0.0,3.418576717376709,0.0,0.012529850006103516,0.0,0.08,0.012,0.25,l1,"{'model__alpha': 0.08, 'model__eta0': 0.012, 'model__l1_ratio': 0.25, 'model__penalty': 'l1'}",-0.33476519174265873,-1.0000070625757655
169,-0.3347656747681873,0.0,-1.000007513152868,0.0,4.421737432479858,0.0,0.01881694793701172,0.0,0.065,0.011,0.15,l1,"{'model__alpha': 0.065, 'model__eta0': 0.011, 'model__l1_ratio': 0.15, 'model__penalty': 'l1'}",-0.3347656747681873,-1.000007513152868
169,-0.3347656747681873,0.0,-1.000007513152868,0.0,3.381345510482788,0.0,0.012958765029907227,0.0,0.065,0.011,0.2,l1,"{'model__alpha': 0.065, 'model__eta0': 0.011, 'model__l1_ratio': 0.2, 'model__penalty': 'l1'}",-0.3347656747681873,-1.000007513152868
169,-0.3347656747681873,0.0,-1.000007513152868,0.0,5.141944646835327,0.0,0.012961387634277344,0.0,0.065,0.011,0.25,l1,"{'model__alpha': 0.065, 'model__eta0': 0.011, 'model__l1_ratio': 0.25, 'model__penalty': 'l1'}",-0.3347656747681873,-1.000007513152868
169,-0.3347656747681873,0.0,-1.000007513152868,0.0,3.4035801887512207,0.0,0.012525081634521484,0.0,0.07,0.011,0.15,l1,"{'model__alpha': 0.07, 'model__eta0': 0.011, 'model__l1_ratio': 0.15, 'model__penalty': 'l1'}",-0.3347656747681873,-1.000007513152868
169,-0.3347656747681873,0.0,-1.000007513152868,0.0,4.79667329788208,0.0,0.015958070755004883,0.0,0.07,0.011,0.2,l1,"{'model__alpha': 0.07, 'model__eta0': 0.011, 'model__l1_ratio': 0.2, 'model__penalty': 'l1'}",-0.3347656747681873,-1.000007513152868
169,-0.3347656747681873,0.0,-1.000007513152868,0.0,3.4620201587677,0.0,0.015115022659301758,0.0,0.07,0.011,0.25,l1,"{'model__alpha': 0.07, 'model__eta0': 0.011, 'model__l1_ratio': 0.25, 'model__penalty': 'l1'}",-0.3347656747681873,-1.000007513152868
169,-0.3347656747681873,0.0,-1.000007513152868,0.0,6.37583065032959,0.0,0.01740264892578125,0.0,0.075,0.011,0.15,l1,"{'model__alpha': 0.075, 'model__eta0': 0.011, 'model__l1_ratio': 0.15, 'model__penalty': 'l1'}",-0.3347656747681873,-1.000007513152868
169,-0.3347656747681873,0.0,-1.000007513152868,0.0,3.469651222229004,0.0,0.012381553649902344,0.0,0.075,0.011,0.2,l1,"{'model__alpha': 0.075, 'model__eta0': 0.011, 'model__l1_ratio': 0.2, 'model__penalty': 'l1'}",-0.3347656747681873,-1.000007513152868
169,-0.3347656747681873,0.0,-1.000007513152868,0.0,4.521108150482178,0.0,0.022275447845458984,0.0,0.075,0.011,0.25,l1,"{'model__alpha': 0.075, 'model__eta0': 0.011, 'model__l1_ratio': 0.25, 'model__penalty': 'l1'}",-0.3347656747681873,-1.000007513152868
169,-0.3347656747681873,0.0,-1.000007513152868,0.0,3.3781888484954834,0.0,0.013090372085571289,0.0,0.08,0.011,0.15,l1,"{'model__alpha': 0.08, 'model__eta0': 0.011, 'model__l1_ratio': 0.15, 'model__penalty': 'l1'}",-0.3347656747681873,-1.000007513152868
169,-0.3347656747681873,0.0,-1.000007513152868,0.0,4.912465810775757,0.0,0.012690544128417969,0.0,0.08,0.011,0.2,l1,"{'model__alpha': 0.08, 'model__eta0': 0.011, 'model__l1_ratio': 0.2, 'model__penalty': 'l1'}",-0.3347656747681873,-1.000007513152868
169,-0.3347656747681873,0.0,-1.000007513152868,0.0,3.440554141998291,0.0,0.01263570785522461,0.0,0.08,0.011,0.25,l1,"{'model__alpha': 0.08, 'model__eta0': 0.011, 'model__l1_ratio': 0.25, 'model__penalty': 'l1'}",-0.3347656747681873,-1.000007513152868
